type,run,year,Ne,year_meaning,Ne_meaning
real,sample,1000000,8872,1000000,nhist
real,sample,19177,8872,t_exp+1,nhist
real,sample,19176,2827887,t_exp,nalb
real,sample,32,2827887,t_bot+1,nalb
real,sample,31,40,t_bot,ncont
real,sample,0,40,0,ncont
bootstrap,run1,1000000,363,1000000,nhist
bootstrap,run1,68782,363,t_exp+1,nhist
bootstrap,run1,68781,182473,t_exp,nalb
bootstrap,run1,61,182473,t_bot+1,nalb
bootstrap,run1,60,223,t_bot,ncont
bootstrap,run1,0,223,0,ncont
bootstrap,run2,1000000,9414,1000000,nhist
bootstrap,run2,17360,9414,t_exp+1,nhist
bootstrap,run2,17359,21342976,t_exp,nalb
bootstrap,run2,42,21342976,t_bot+1,nalb
bootstrap,run2,41,39,t_bot,ncont
bootstrap,run2,0,39,0,ncont
bootstrap,run3,1000000,8324,1000000,nhist
bootstrap,run3,21975,8324,t_exp+1,nhist
bootstrap,run3,21974,727994,t_exp,nalb
bootstrap,run3,4,727994,t_bot+1,nalb
bootstrap,run3,3,4,t_bot,ncont
bootstrap,run3,0,4,0,ncont
bootstrap,run4,1000000,8414,1000000,nhist
bootstrap,run4,18139,8414,t_exp+1,nhist
bootstrap,run4,18138,43235700,t_exp,nalb
bootstrap,run4,51,43235700,t_bot+1,nalb
bootstrap,run4,50,45,t_bot,ncont
bootstrap,run4,0,45,0,ncont
bootstrap,run5,1000000,9736,1000000,nhist
bootstrap,run5,16523,9736,t_exp+1,nhist
bootstrap,run5,16522,141058573,t_exp,nalb
bootstrap,run5,3,141058573,t_bot+1,nalb
bootstrap,run5,2,1,t_bot,ncont
bootstrap,run5,0,1,0,ncont
bootstrap,run6,1000000,8758,1000000,nhist
bootstrap,run6,1,8758,t_exp+1,nhist
bootstrap,run6,,4063070,t_exp,nalb
bootstrap,run6,1,4063070,t_bot+1,nalb
bootstrap,run6,,131,t_bot,ncont
bootstrap,run6,0,131,0,ncont
bootstrap,run7,1000000,7845,1000000,nhist
bootstrap,run7,20641,7845,t_exp+1,nhist
bootstrap,run7,20640,1722223,t_exp,nalb
bootstrap,run7,32,1722223,t_bot+1,nalb
bootstrap,run7,31,43,t_bot,ncont
bootstrap,run7,0,43,0,ncont
bootstrap,run8,1000000,8976,1000000,nhist
bootstrap,run8,18344,8976,t_exp+1,nhist
bootstrap,run8,18343,4157900,t_exp,nalb
bootstrap,run8,75,4157900,t_bot+1,nalb
bootstrap,run8,74,96,t_bot,ncont
bootstrap,run8,0,96,0,ncont
bootstrap,run9,1000000,8317,1000000,nhist
bootstrap,run9,21865,8317,t_exp+1,nhist
bootstrap,run9,21864,1027427,t_exp,nalb
bootstrap,run9,25,1027427,t_bot+1,nalb
bootstrap,run9,24,35,t_bot,ncont
bootstrap,run9,0,35,0,ncont
bootstrap,run10,1000000,8274,1000000,nhist
bootstrap,run10,20040,8274,t_exp+1,nhist
bootstrap,run10,20039,2180359,t_exp,nalb
bootstrap,run10,78,2180359,t_bot+1,nalb
bootstrap,run10,77,111,t_bot,ncont
bootstrap,run10,0,111,0,ncont
bootstrap,run11,1000000,9378,1000000,nhist
bootstrap,run11,17284,9378,t_exp+1,nhist
bootstrap,run11,17283,22390302,t_exp,nalb
bootstrap,run11,25,22390302,t_bot+1,nalb
bootstrap,run11,24,21,t_bot,ncont
bootstrap,run11,0,21,0,ncont
bootstrap,run12,1000000,8761,1000000,nhist
bootstrap,run12,17887,8761,t_exp+1,nhist
bootstrap,run12,17886,9357587,t_exp,nalb
bootstrap,run12,36,9357587,t_bot+1,nalb
bootstrap,run12,35,39,t_bot,ncont
bootstrap,run12,0,39,0,ncont
bootstrap,run13,1000000,8950,1000000,nhist
bootstrap,run13,18912,8950,t_exp+1,nhist
bootstrap,run13,18911,5502417,t_exp,nalb
bootstrap,run13,35,5502417,t_bot+1,nalb
bootstrap,run13,34,37,t_bot,ncont
bootstrap,run13,0,37,0,ncont
bootstrap,run14,1000000,604,1000000,nhist
bootstrap,run14,63237,604,t_exp+1,nhist
bootstrap,run14,63236,164890,t_exp,nalb
bootstrap,run14,73,164890,t_bot+1,nalb
bootstrap,run14,72,317,t_bot,ncont
bootstrap,run14,0,317,0,ncont
bootstrap,run15,1000000,8344,1000000,nhist
bootstrap,run15,20454,8344,t_exp+1,nhist
bootstrap,run15,20453,1155611,t_exp,nalb
bootstrap,run15,95,1155611,t_bot+1,nalb
bootstrap,run15,94,170,t_bot,ncont
bootstrap,run15,0,170,0,ncont
bootstrap,run16,1000000,46,1000000,nhist
bootstrap,run16,92307,46,t_exp+1,nhist
bootstrap,run16,92306,169213,t_exp,nalb
bootstrap,run16,52,169213,t_bot+1,nalb
bootstrap,run16,51,214,t_bot,ncont
bootstrap,run16,0,214,0,ncont
bootstrap,run17,1000000,7479,1000000,nhist
bootstrap,run17,24121,7479,t_exp+1,nhist
bootstrap,run17,24120,590009,t_exp,nalb
bootstrap,run17,71,590009,t_bot+1,nalb
bootstrap,run17,70,143,t_bot,ncont
bootstrap,run17,0,143,0,ncont
bootstrap,run18,1000000,8554,1000000,nhist
bootstrap,run18,16826,8554,t_exp+1,nhist
bootstrap,run18,16825,1018943793,t_exp,nalb
bootstrap,run18,82,1018943793,t_bot+1,nalb
bootstrap,run18,81,57,t_bot,ncont
bootstrap,run18,0,57,0,ncont
bootstrap,run19,1000000,8280,1000000,nhist
bootstrap,run19,20641,8280,t_exp+1,nhist
bootstrap,run19,20640,1165038,t_exp,nalb
bootstrap,run19,58,1165038,t_bot+1,nalb
bootstrap,run19,57,95,t_bot,ncont
bootstrap,run19,0,95,0,ncont
bootstrap,run20,1000000,9131,1000000,nhist
bootstrap,run20,17833,9131,t_exp+1,nhist
bootstrap,run20,17832,5037168,t_exp,nalb
bootstrap,run20,49,5037168,t_bot+1,nalb
bootstrap,run20,48,60,t_bot,ncont
bootstrap,run20,0,60,0,ncont
bootstrap,run21,1000000,7248,1000000,nhist
bootstrap,run21,22378,7248,t_exp+1,nhist
bootstrap,run21,22377,847657,t_exp,nalb
bootstrap,run21,58,847657,t_bot+1,nalb
bootstrap,run21,57,105,t_bot,ncont
bootstrap,run21,0,105,0,ncont
bootstrap,run22,1000000,2,1000000,nhist
bootstrap,run22,116659,2,t_exp+1,nhist
bootstrap,run22,116658,194005,t_exp,nalb
bootstrap,run22,69,194005,t_bot+1,nalb
bootstrap,run22,68,278,t_bot,ncont
bootstrap,run22,0,278,0,ncont
bootstrap,run23,1000000,8521,1000000,nhist
bootstrap,run23,20913,8521,t_exp+1,nhist
bootstrap,run23,20912,1052994,t_exp,nalb
bootstrap,run23,24,1052994,t_bot+1,nalb
bootstrap,run23,23,36,t_bot,ncont
bootstrap,run23,0,36,0,ncont
bootstrap,run24,1000000,8410,1000000,nhist
bootstrap,run24,19489,8410,t_exp+1,nhist
bootstrap,run24,19488,4293805,t_exp,nalb
bootstrap,run24,69,4293805,t_bot+1,nalb
bootstrap,run24,68,86,t_bot,ncont
bootstrap,run24,0,86,0,ncont
bootstrap,run25,1000000,9602,1000000,nhist
bootstrap,run25,18200,9602,t_exp+1,nhist
bootstrap,run25,18199,3239696,t_exp,nalb
bootstrap,run25,55,3239696,t_bot+1,nalb
bootstrap,run25,54,72,t_bot,ncont
bootstrap,run25,0,72,0,ncont
bootstrap,run26,1000000,8813,1000000,nhist
bootstrap,run26,19162,8813,t_exp+1,nhist
bootstrap,run26,19161,4425213,t_exp,nalb
bootstrap,run26,42,4425213,t_bot+1,nalb
bootstrap,run26,41,49,t_bot,ncont
bootstrap,run26,0,49,0,ncont
bootstrap,run27,1000000,8625,1000000,nhist
bootstrap,run27,19067,8625,t_exp+1,nhist
bootstrap,run27,19066,4706004,t_exp,nalb
bootstrap,run27,93,4706004,t_bot+1,nalb
bootstrap,run27,92,112,t_bot,ncont
bootstrap,run27,0,112,0,ncont
bootstrap,run28,1000000,221,1000000,nhist
bootstrap,run28,68850,221,t_exp+1,nhist
bootstrap,run28,68849,210033,t_exp,nalb
bootstrap,run28,3,210033,t_bot+1,nalb
bootstrap,run28,2,5,t_bot,ncont
bootstrap,run28,0,5,0,ncont
bootstrap,run29,1000000,9346,1000000,nhist
bootstrap,run29,16455,9346,t_exp+1,nhist
bootstrap,run29,16454,174115009,t_exp,nalb
bootstrap,run29,53,174115009,t_bot+1,nalb
bootstrap,run29,52,42,t_bot,ncont
bootstrap,run29,0,42,0,ncont
bootstrap,run30,1000000,9014,1000000,nhist
bootstrap,run30,18620,9014,t_exp+1,nhist
bootstrap,run30,18619,4684800,t_exp,nalb
bootstrap,run30,81,4684800,t_bot+1,nalb
bootstrap,run30,80,99,t_bot,ncont
bootstrap,run30,0,99,0,ncont
bootstrap,run31,1000000,8623,1000000,nhist
bootstrap,run31,16227,8623,t_exp+1,nhist
bootstrap,run31,16226,10000000000,t_exp,nalb
bootstrap,run31,101,10000000000,t_bot+1,nalb
bootstrap,run31,100,64,t_bot,ncont
bootstrap,run31,0,64,0,ncont
bootstrap,run32,1000000,8008,1000000,nhist
bootstrap,run32,21148,8008,t_exp+1,nhist
bootstrap,run32,21147,1209749,t_exp,nalb
bootstrap,run32,100,1209749,t_bot+1,nalb
bootstrap,run32,99,172,t_bot,ncont
bootstrap,run32,0,172,0,ncont
bootstrap,run33,1000000,27,1000000,nhist
bootstrap,run33,95263,27,t_exp+1,nhist
bootstrap,run33,95262,195212,t_exp,nalb
bootstrap,run33,3,195212,t_bot+1,nalb
bootstrap,run33,2,5,t_bot,ncont
bootstrap,run33,0,5,0,ncont
bootstrap,run34,1000000,9133,1000000,nhist
bootstrap,run34,17399,9133,t_exp+1,nhist
bootstrap,run34,17398,66768218,t_exp,nalb
bootstrap,run34,83,66768218,t_bot+1,nalb
bootstrap,run34,82,72,t_bot,ncont
bootstrap,run34,0,72,0,ncont
bootstrap,run35,1000000,9949,1000000,nhist
bootstrap,run35,18118,9949,t_exp+1,nhist
bootstrap,run35,18117,2855397,t_exp,nalb
bootstrap,run35,82,2855397,t_bot+1,nalb
bootstrap,run35,81,114,t_bot,ncont
bootstrap,run35,0,114,0,ncont
bootstrap,run36,1000000,8878,1000000,nhist
bootstrap,run36,18732,8878,t_exp+1,nhist
bootstrap,run36,18731,2470619,t_exp,nalb
bootstrap,run36,101,2470619,t_bot+1,nalb
bootstrap,run36,100,151,t_bot,ncont
bootstrap,run36,0,151,0,ncont
bootstrap,run37,1000000,616,1000000,nhist
bootstrap,run37,64984,616,t_exp+1,nhist
bootstrap,run37,64983,170901,t_exp,nalb
bootstrap,run37,14,170901,t_bot+1,nalb
bootstrap,run37,13,39,t_bot,ncont
bootstrap,run37,0,39,0,ncont
bootstrap,run38,1000000,8454,1000000,nhist
bootstrap,run38,19129,8454,t_exp+1,nhist
bootstrap,run38,19128,3609472,t_exp,nalb
bootstrap,run38,48,3609472,t_bot+1,nalb
bootstrap,run38,47,59,t_bot,ncont
bootstrap,run38,0,59,0,ncont
bootstrap,run39,1000000,8716,1000000,nhist
bootstrap,run39,21219,8716,t_exp+1,nhist
bootstrap,run39,21218,689253,t_exp,nalb
bootstrap,run39,52,689253,t_bot+1,nalb
bootstrap,run39,51,103,t_bot,ncont
bootstrap,run39,0,103,0,ncont
bootstrap,run40,1000000,9941,1000000,nhist
bootstrap,run40,17832,9941,t_exp+1,nhist
bootstrap,run40,17831,2207977,t_exp,nalb
bootstrap,run40,37,2207977,t_bot+1,nalb
bootstrap,run40,36,52,t_bot,ncont
bootstrap,run40,0,52,0,ncont
bootstrap,run41,1000000,8740,1000000,nhist
bootstrap,run41,19562,8740,t_exp+1,nhist
bootstrap,run41,19561,1609403,t_exp,nalb
bootstrap,run41,74,1609403,t_bot+1,nalb
bootstrap,run41,73,115,t_bot,ncont
bootstrap,run41,0,115,0,ncont
bootstrap,run42,1000000,7209,1000000,nhist
bootstrap,run42,21786,7209,t_exp+1,nhist
bootstrap,run42,21785,1318362,t_exp,nalb
bootstrap,run42,79,1318362,t_bot+1,nalb
bootstrap,run42,78,130,t_bot,ncont
bootstrap,run42,0,130,0,ncont
bootstrap,run43,1000000,9364,1000000,nhist
bootstrap,run43,17351,9364,t_exp+1,nhist
bootstrap,run43,17350,12961034,t_exp,nalb
bootstrap,run43,18,12961034,t_bot+1,nalb
bootstrap,run43,17,16,t_bot,ncont
bootstrap,run43,0,16,0,ncont
bootstrap,run44,1000000,8813,1000000,nhist
bootstrap,run44,16655,8813,t_exp+1,nhist
bootstrap,run44,16654,852341912,t_exp,nalb
bootstrap,run44,101,852341912,t_bot+1,nalb
bootstrap,run44,100,72,t_bot,ncont
bootstrap,run44,0,72,0,ncont
bootstrap,run45,1000000,1,1000000,nhist
bootstrap,run45,134319,1,t_exp+1,nhist
bootstrap,run45,134318,169851,t_exp,nalb
bootstrap,run45,91,169851,t_bot+1,nalb
bootstrap,run45,90,398,t_bot,ncont
bootstrap,run45,0,398,0,ncont
bootstrap,run46,1000000,8701,1000000,nhist
bootstrap,run46,19702,8701,t_exp+1,nhist
bootstrap,run46,19701,1828710,t_exp,nalb
bootstrap,run46,25,1828710,t_bot+1,nalb
bootstrap,run46,24,34,t_bot,ncont
bootstrap,run46,0,34,0,ncont
bootstrap,run47,1000000,8547,1000000,nhist
bootstrap,run47,21924,8547,t_exp+1,nhist
bootstrap,run47,21923,616068,t_exp,nalb
bootstrap,run47,11,616068,t_bot+1,nalb
bootstrap,run47,10,16,t_bot,ncont
bootstrap,run47,0,16,0,ncont
bootstrap,run48,1000000,9611,1000000,nhist
bootstrap,run48,16373,9611,t_exp+1,nhist
bootstrap,run48,16372,117977332,t_exp,nalb
bootstrap,run48,39,117977332,t_bot+1,nalb
bootstrap,run48,38,32,t_bot,ncont
bootstrap,run48,0,32,0,ncont
bootstrap,run49,1000000,8629,1000000,nhist
bootstrap,run49,21895,8629,t_exp+1,nhist
bootstrap,run49,21894,827274,t_exp,nalb
bootstrap,run49,58,827274,t_bot+1,nalb
bootstrap,run49,57,99,t_bot,ncont
bootstrap,run49,0,99,0,ncont
bootstrap,run50,1000000,8652,1000000,nhist
bootstrap,run50,18617,8652,t_exp+1,nhist
bootstrap,run50,18616,2241302,t_exp,nalb
bootstrap,run50,91,2241302,t_bot+1,nalb
bootstrap,run50,90,141,t_bot,ncont
bootstrap,run50,0,141,0,ncont
bootstrap,run51,1000000,8816,1000000,nhist
bootstrap,run51,19488,8816,t_exp+1,nhist
bootstrap,run51,19487,1847763,t_exp,nalb
bootstrap,run51,76,1847763,t_bot+1,nalb
bootstrap,run51,75,116,t_bot,ncont
bootstrap,run51,0,116,0,ncont
bootstrap,run52,1000000,8623,1000000,nhist
bootstrap,run52,20747,8623,t_exp+1,nhist
bootstrap,run52,20746,801720,t_exp,nalb
bootstrap,run52,87,801720,t_bot+1,nalb
bootstrap,run52,86,176,t_bot,ncont
bootstrap,run52,0,176,0,ncont
bootstrap,run53,1000000,8632,1000000,nhist
bootstrap,run53,20047,8632,t_exp+1,nhist
bootstrap,run53,20046,2143590,t_exp,nalb
bootstrap,run53,40,2143590,t_bot+1,nalb
bootstrap,run53,39,53,t_bot,ncont
bootstrap,run53,0,53,0,ncont
bootstrap,run54,1000000,8485,1000000,nhist
bootstrap,run54,20902,8485,t_exp+1,nhist
bootstrap,run54,20901,917234,t_exp,nalb
bootstrap,run54,42,917234,t_bot+1,nalb
bootstrap,run54,41,72,t_bot,ncont
bootstrap,run54,0,72,0,ncont
bootstrap,run55,1000000,9478,1000000,nhist
bootstrap,run55,20301,9478,t_exp+1,nhist
bootstrap,run55,20300,840171,t_exp,nalb
bootstrap,run55,89,840171,t_bot+1,nalb
bootstrap,run55,88,171,t_bot,ncont
bootstrap,run55,0,171,0,ncont
bootstrap,run56,1000000,5928,1000000,nhist
bootstrap,run56,33805,5928,t_exp+1,nhist
bootstrap,run56,33804,183669,t_exp,nalb
bootstrap,run56,13,183669,t_bot+1,nalb
bootstrap,run56,12,34,t_bot,ncont
bootstrap,run56,0,34,0,ncont
bootstrap,run57,1000000,8587,1000000,nhist
bootstrap,run57,19861,8587,t_exp+1,nhist
bootstrap,run57,19860,1958560,t_exp,nalb
bootstrap,run57,45,1958560,t_bot+1,nalb
bootstrap,run57,44,62,t_bot,ncont
bootstrap,run57,0,62,0,ncont
bootstrap,run58,1000000,1,1000000,nhist
bootstrap,run58,126627,1,t_exp+1,nhist
bootstrap,run58,126626,198427,t_exp,nalb
bootstrap,run58,37,198427,t_bot+1,nalb
bootstrap,run58,36,123,t_bot,ncont
bootstrap,run58,0,123,0,ncont
bootstrap,run59,1000000,8532,1000000,nhist
bootstrap,run59,20634,8532,t_exp+1,nhist
bootstrap,run59,20633,1163068,t_exp,nalb
bootstrap,run59,18,1163068,t_bot+1,nalb
bootstrap,run59,17,25,t_bot,ncont
bootstrap,run59,0,25,0,ncont
bootstrap,run60,1000000,7812,1000000,nhist
bootstrap,run60,21739,7812,t_exp+1,nhist
bootstrap,run60,21738,1391138,t_exp,nalb
bootstrap,run60,99,1391138,t_bot+1,nalb
bootstrap,run60,98,158,t_bot,ncont
bootstrap,run60,0,158,0,ncont
bootstrap,run61,1000000,7453,1000000,nhist
bootstrap,run61,23315,7453,t_exp+1,nhist
bootstrap,run61,23314,758269,t_exp,nalb
bootstrap,run61,60,758269,t_bot+1,nalb
bootstrap,run61,59,109,t_bot,ncont
bootstrap,run61,0,109,0,ncont
bootstrap,run62,1000000,109,1000000,nhist
bootstrap,run62,80878,109,t_exp+1,nhist
bootstrap,run62,80877,187345,t_exp,nalb
bootstrap,run62,17,187345,t_bot+1,nalb
bootstrap,run62,16,48,t_bot,ncont
bootstrap,run62,0,48,0,ncont
bootstrap,run63,1000000,8272,1000000,nhist
bootstrap,run63,20221,8272,t_exp+1,nhist
bootstrap,run63,20220,2103785,t_exp,nalb
bootstrap,run63,10,2103785,t_bot+1,nalb
bootstrap,run63,9,10,t_bot,ncont
bootstrap,run63,0,10,0,ncont
bootstrap,run64,1000000,8623,1000000,nhist
bootstrap,run64,19754,8623,t_exp+1,nhist
bootstrap,run64,19753,2640308,t_exp,nalb
bootstrap,run64,30,2640308,t_bot+1,nalb
bootstrap,run64,29,36,t_bot,ncont
bootstrap,run64,0,36,0,ncont
bootstrap,run65,1000000,8276,1000000,nhist
bootstrap,run65,189859,8276,t_exp+1,nhist
bootstrap,run65,189858,4454702,t_exp,nalb
bootstrap,run65,90,4454702,t_bot+1,nalb
bootstrap,run65,89,115,t_bot,ncont
bootstrap,run65,0,115,0,ncont
bootstrap,run66,1000000,8941,1000000,nhist
bootstrap,run66,18553,8941,t_exp+1,nhist
bootstrap,run66,18552,4636212,t_exp,nalb
bootstrap,run66,70,4636212,t_bot+1,nalb
bootstrap,run66,69,88,t_bot,ncont
bootstrap,run66,0,88,0,ncont
bootstrap,run67,1000000,751,1000000,nhist
bootstrap,run67,53979,751,t_exp+1,nhist
bootstrap,run67,53978,228922,t_exp,nalb
bootstrap,run67,62,228922,t_bot+1,nalb
bootstrap,run67,61,198,t_bot,ncont
bootstrap,run67,0,198,0,ncont
bootstrap,run68,1000000,1,1000000,nhist
bootstrap,run68,126927,1,t_exp+1,nhist
bootstrap,run68,126926,194479,t_exp,nalb
bootstrap,run68,59,194479,t_bot+1,nalb
bootstrap,run68,58,202,t_bot,ncont
bootstrap,run68,0,202,0,ncont
bootstrap,run69,1000000,9435,1000000,nhist
bootstrap,run69,16698,9435,t_exp+1,nhist
bootstrap,run69,16697,136365679,t_exp,nalb
bootstrap,run69,28,136365679,t_bot+1,nalb
bootstrap,run69,27,22,t_bot,ncont
bootstrap,run69,0,22,0,ncont
bootstrap,run70,1000000,6,1000000,nhist
bootstrap,run70,109057,6,t_exp+1,nhist
bootstrap,run70,109056,196397,t_exp,nalb
bootstrap,run70,37,196397,t_bot+1,nalb
bootstrap,run70,36,123,t_bot,ncont
bootstrap,run70,0,123,0,ncont
bootstrap,run71,1000000,8386,1000000,nhist
bootstrap,run71,19987,8386,t_exp+1,nhist
bootstrap,run71,19986,3017010,t_exp,nalb
bootstrap,run71,95,3017010,t_bot+1,nalb
bootstrap,run71,94,124,t_bot,ncont
bootstrap,run71,0,124,0,ncont
bootstrap,run72,1000000,8750,1000000,nhist
bootstrap,run72,18067,8750,t_exp+1,nhist
bootstrap,run72,18066,8714551,t_exp,nalb
bootstrap,run72,55,8714551,t_bot+1,nalb
bootstrap,run72,54,60,t_bot,ncont
bootstrap,run72,0,60,0,ncont
bootstrap,run73,1000000,1,1000000,nhist
bootstrap,run73,112919,1,t_exp+1,nhist
bootstrap,run73,112918,240413,t_exp,nalb
bootstrap,run73,66,240413,t_bot+1,nalb
bootstrap,run73,65,210,t_bot,ncont
bootstrap,run73,0,210,0,ncont
bootstrap,run74,1000000,8945,1000000,nhist
bootstrap,run74,19914,8945,t_exp+1,nhist
bootstrap,run74,19913,1653505,t_exp,nalb
bootstrap,run74,95,1653505,t_bot+1,nalb
bootstrap,run74,94,149,t_bot,ncont
bootstrap,run74,0,149,0,ncont
bootstrap,run75,1000000,9325,1000000,nhist
bootstrap,run75,18976,9325,t_exp+1,nhist
bootstrap,run75,18975,1548560,t_exp,nalb
bootstrap,run75,11,1548560,t_bot+1,nalb
bootstrap,run75,10,14,t_bot,ncont
bootstrap,run75,0,14,0,ncont
bootstrap,run76,1000000,9365,1000000,nhist
bootstrap,run76,18372,9365,t_exp+1,nhist
bootstrap,run76,18371,2269186,t_exp,nalb
bootstrap,run76,88,2269186,t_bot+1,nalb
bootstrap,run76,87,136,t_bot,ncont
bootstrap,run76,0,136,0,ncont
bootstrap,run77,1000000,8445,1000000,nhist
bootstrap,run77,19051,8445,t_exp+1,nhist
bootstrap,run77,19050,4443138,t_exp,nalb
bootstrap,run77,65,4443138,t_bot+1,nalb
bootstrap,run77,64,80,t_bot,ncont
bootstrap,run77,0,80,0,ncont
bootstrap,run78,1000000,9596,1000000,nhist
bootstrap,run78,16144,9596,t_exp+1,nhist
bootstrap,run78,16143,2079924589,t_exp,nalb
bootstrap,run78,25,2079924589,t_bot+1,nalb
bootstrap,run78,24,15,t_bot,ncont
bootstrap,run78,0,15,0,ncont
bootstrap,run79,1000000,8637,1000000,nhist
bootstrap,run79,17655,8637,t_exp+1,nhist
bootstrap,run79,17654,8830064,t_exp,nalb
bootstrap,run79,57,8830064,t_bot+1,nalb
bootstrap,run79,56,66,t_bot,ncont
bootstrap,run79,0,66,0,ncont
bootstrap,run80,1000000,9776,1000000,nhist
bootstrap,run80,16633,9776,t_exp+1,nhist
bootstrap,run80,16632,28627956,t_exp,nalb
bootstrap,run80,43,28627956,t_bot+1,nalb
bootstrap,run80,42,40,t_bot,ncont
bootstrap,run80,0,40,0,ncont
bootstrap,run81,1000000,8476,1000000,nhist
bootstrap,run81,19564,8476,t_exp+1,nhist
bootstrap,run81,19563,2355447,t_exp,nalb
bootstrap,run81,83,2355447,t_bot+1,nalb
bootstrap,run81,82,121,t_bot,ncont
bootstrap,run81,0,121,0,ncont
bootstrap,run82,1000000,8437,1000000,nhist
bootstrap,run82,21496,8437,t_exp+1,nhist
bootstrap,run82,21495,1126292,t_exp,nalb
bootstrap,run82,96,1126292,t_bot+1,nalb
bootstrap,run82,95,163,t_bot,ncont
bootstrap,run82,0,163,0,ncont
bootstrap,run83,1000000,9128,1000000,nhist
bootstrap,run83,16194,9128,t_exp+1,nhist
bootstrap,run83,16193,10000000000,t_exp,nalb
bootstrap,run83,92,10000000000,t_bot+1,nalb
bootstrap,run83,91,57,t_bot,ncont
bootstrap,run83,0,57,0,ncont
bootstrap,run84,1000000,9334,1000000,nhist
bootstrap,run84,19184,9334,t_exp+1,nhist
bootstrap,run84,19183,2680171,t_exp,nalb
bootstrap,run84,60,2680171,t_bot+1,nalb
bootstrap,run84,59,80,t_bot,ncont
bootstrap,run84,0,80,0,ncont
bootstrap,run85,1000000,8790,1000000,nhist
bootstrap,run85,18623,8790,t_exp+1,nhist
bootstrap,run85,18622,3956197,t_exp,nalb
bootstrap,run85,88,3956197,t_bot+1,nalb
bootstrap,run85,87,116,0,ncont
bootstrap,run85,0,116,0,ncont
bootstrap,run86,1000000,8885,1000000,nhist
bootstrap,run86,19778,8885,t_exp+1,nhist
bootstrap,run86,19777,2437641,t_exp,nalb
bootstrap,run86,25,2437641,t_bot+1,nalb
bootstrap,run86,24,31,t_bot,ncont
bootstrap,run86,0,31,0,ncont
bootstrap,run87,1000000,8860,1000000,nhist
bootstrap,run87,19878,8860,t_exp+1,nhist
bootstrap,run87,19877,1427970,t_exp,nalb
bootstrap,run87,75,1427970,t_bot+1,nalb
bootstrap,run87,74,120,t_bot,ncont
bootstrap,run87,0,120,0,ncont
bootstrap,run88,1000000,9074,1000000,nhist
bootstrap,run88,20938,9074,t_exp+1,nhist
bootstrap,run88,20937,769290,t_exp,nalb
bootstrap,run88,45,769290,t_bot+1,nalb
bootstrap,run88,44,82,t_bot,ncont
bootstrap,run88,0,82,0,ncont
bootstrap,run89,1000000,8620,1000000,nhist
bootstrap,run89,19487,8620,t_exp+1,nhist
bootstrap,run89,19486,1969608,t_exp,nalb
bootstrap,run89,18,1969608,t_bot+1,nalb
bootstrap,run89,17,22,t_bot,ncont
bootstrap,run89,0,22,0,ncont
bootstrap,run90,1000000,8332,1000000,nhist
bootstrap,run90,18771,8332,t_exp+1,nhist
bootstrap,run90,18770,15762415,t_exp,nalb
bootstrap,run90,100,15762415,t_bot+1,nalb
bootstrap,run90,99,103,t_bot,ncont
bootstrap,run90,0,103,0,ncont
bootstrap,run91,1000000,8705,1000000,nhist
bootstrap,run91,20403,8705,t_exp+1,nhist
bootstrap,run91,20402,1160602,t_exp,nalb
bootstrap,run91,22,1160602,t_bot+1,nalb
bootstrap,run91,21,33,t_bot,ncont
bootstrap,run91,0,33,0,ncont
bootstrap,run92,1000000,866,1000000,nhist
bootstrap,run92,57963,866,t_exp+1,nhist
bootstrap,run92,57962,174689,t_exp,nalb
bootstrap,run92,91,174689,t_bot+1,nalb
bootstrap,run92,90,386,t_bot,ncont
bootstrap,run92,0,386,0,ncont
bootstrap,run93,1000000,9221,1000000,nhist
bootstrap,run93,19394,9221,t_exp+1,nhist
bootstrap,run93,19393,1517570,t_exp,nalb
bootstrap,run93,78,1517570,t_bot+1,nalb
bootstrap,run93,77,124,0,ncont
bootstrap,run93,0,124,0,ncont
bootstrap,run94,1000000,8433,1000000,nhist
bootstrap,run94,19416,8433,t_exp+1,nhist
bootstrap,run94,19415,1998017,t_exp,nalb
bootstrap,run94,59,1998017,t_bot+1,nalb
bootstrap,run94,58,89,t_bot,ncont
bootstrap,run94,0,89,0,ncont
bootstrap,run95,1000000,8009,1000000,nhist
bootstrap,run95,19890,8009,t_exp+1,nhist
bootstrap,run95,19889,2881989,t_exp,nalb
bootstrap,run95,56,2881989,t_bot+1,nalb
bootstrap,run95,55,73,t_bot,ncont
bootstrap,run95,0,73,0,ncont
bootstrap,run96,1000000,7788,1000000,nhist
bootstrap,run96,21998,7788,t_exp+1,nhist
bootstrap,run96,21997,925108,t_exp,nalb
bootstrap,run96,61,925108,t_bot+1,nalb
bootstrap,run96,60,107,t_bot,ncont
bootstrap,run96,0,107,0,ncont
bootstrap,run97,1000000,8751,1000000,nhist
bootstrap,run97,16281,8751,t_exp+1,nhist
bootstrap,run97,16280,10000000000,t_exp,nalb
bootstrap,run97,45,10000000000,t_bot+1,nalb
bootstrap,run97,44,27,t_bot,ncont
bootstrap,run97,0,27,0,ncont
bootstrap,run98,1000000,8697,1000000,nhist
bootstrap,run98,18096,8697,t_exp+1,nhist
bootstrap,run98,18095,10309534,t_exp,nalb
bootstrap,run98,77,10309534,t_bot+1,nalb
bootstrap,run98,76,84,t_bot,ncont
bootstrap,run98,0,84,0,ncont
bootstrap,run99,1000000,9108,1000000,nhist
bootstrap,run99,18242,9108,t_exp+1,nhist
bootstrap,run99,18241,5363021,t_exp,nalb
bootstrap,run99,19,5363021,t_bot+1,nalb
bootstrap,run99,18,20,t_bot,ncont
bootstrap,run99,0,20,0,ncont
bootstrap,run100,1000000,8400,1000000,nhist
bootstrap,run100,21336,8400,t_exp+1,nhist
bootstrap,run100,21335,1068942,t_exp,nalb
bootstrap,run100,25,1068942,t_bot+1,nalb
bootstrap,run100,24,38,t_bot,ncont
bootstrap,run100,0,38,0,ncont
